CASE_ID,CASE_TYPE,CASE_OPEN_DATE,CASE_CLOSED_DATE,CASE_REOPEN_DATE,DISAB_FLG,S_ID,REVIEW_START_DATE,REVIEW_CLOSED_DATE,REVIEW_TYPE,DURATION_DAYS
SD48121990,Emp and Assistance,2010-12-31 00:00:00,2023-01-20 00:00:00,2017-03-17 00:00:00,Y,SR1850711653,2023-02-16 16:09:00,2023-02-17 11:53:00,Gen Enquiry,0
SD47040200,Emp and Assistance,1996-04-26 00:00:00,2022-07-04 00:00:00,2011-06-30 00:00:00,Y,SR1778855057,2022-07-22 13:59:00,2022-07-22 14:02:00,Gen Enquiry,0
SD48118180,Emp and Assistance,2002-05-31 00:00:00,2023-03-31 00:00:00,2005-05-02 00:00:00,Y,SR1619780295,2021-02-19 15:44:00,2023-03-29 13:20:00,Gen Enquiry,767
SD48118180,Emp and Assistance,2002-05-31 00:00:00,2023-03-31 00:00:00,2005-05-02 00:00:00,Y,SR1694207795,2021-11-05 09:50:00,2023-03-29 16:44:00,Gen Enquiry,509
SD48118180,Emp and Assistance,2002-05-31 00:00:00,2023-03-31 00:00:00,2005-05-02 00:00:00,Y,SR1690258903,2021-10-19 14:08:00,2023-03-29 16:44:00,Gen Enquiry,526
SD48215440,Emp and Assistance,2001-09-06 00:00:00,2021-11-18 00:00:00,2010-04-08 00:00:00,Y,SR1760264436,2022-05-25 11:21:00,2022-07-20 10:55:00,PLMS Review,55
SD48977973,Emp and Assistance,2011-05-09 00:00:00,2015-10-15 00:00:00,2015-07-21 00:00:00,Y,SR1772892675,2022-07-08 14:36:00,2022-07-12 11:13:00,Gen Enquiry,3
SD48508180,Emp and Assistance,1992-04-07 00:00:00,2023-08-10 00:00:00,2019-06-10 00:00:00,Y,SR1778857214,2022-07-22 10:53:00,2022-07-22 11:27:00,Gen Enquiry,0
SD48508180,Emp and Assistance,1992-04-07 00:00:00,2023-08-10 00:00:00,2019-06-10 00:00:00,Y,SR1765070954,2022-06-14 14:21:00,2022-06-15 09:42:00,Gen Enquiry,0
SD860966354,Emp and Assistance,2017-07-05 00:00:00,2022-12-21 00:00:00,2018-10-30 00:00:00,Y,SR1850712830,2023-02-16 16:36:00,2023-02-17 13:59:00,Gen Enquiry,0
SD47738375,Emp and Assistance,1999-08-24 00:00:00,2022-08-19 00:00:00,2008-06-06 00:00:00,Y,SR1781372559,2022-08-03 12:25:00,2022-08-04 11:08:00,Gen Enquiry,0
SD672899313,Emp and Assistance,2016-04-15 00:00:00,2023-05-08 00:00:00,2020-09-14 00:00:00,Y,SR1867762483,2023-04-12 16:19:00,2023-05-08 10:49:00,PLMS Review,25
SD672899313,Emp and Assistance,2016-04-15 00:00:00,2023-05-08 00:00:00,2020-09-14 00:00:00,Y,SR1821915445,2022-12-13 14:29:00,2023-01-06 11:52:00,PLMS Review,23
SD601334200,Emp and Assistance,2015-10-29 00:00:00,2023-05-30 00:00:00,2018-11-29 00:00:00,Y,SR1867156573,2023-04-11 09:33:00,2023-05-30 09:37:00,PLMS Review,49
SD48407504,Emp and Assistance,1996-06-24 00:00:00,2023-08-03 00:00:00,2002-06-19 00:00:00,Y,SR1874053129,2023-04-24 08:03:00,2023-08-03 15:25:00,PLMS Review,101
SD48344958,Emp and Assistance,1991-03-28 00:00:00,2023-03-16 00:00:00,2012-07-10 00:00:00,Y,SR1766223722,2022-06-16 11:35:00,2022-09-06 11:49:00,Gen Enquiry,82
SD223330399,Emp and Assistance,2013-07-17 00:00:00,2022-10-13 00:00:00,2014-06-10 00:00:00,Y,SR1756785371,2022-05-18 07:17:00,2022-06-20 13:23:00,PLMS Review,33
SD165158163,Emp and Assistance,2013-03-13 00:00:00,2023-07-17 00:00:00,2015-09-23 00:00:00,Y,SR1835977600,2023-01-18 13:04:00,2023-02-15 13:59:00,PLMS Review,28
SD1291177585,Emp and Assistance,2020-10-14 00:00:00,2022-03-02 00:00:00,2021-10-18 00:00:00,Y,SR1802521082,2022-10-18 11:11:00,2023-03-08 10:41:00,Gen Enquiry,140
SD48262587,Emp and Assistance,1991-05-16 00:00:00,2022-04-11 00:00:00,2015-10-29 00:00:00,Y,SR1862278139,2023-03-20 13:49:00,2023-03-20 13:49:00,Gen Enquiry,0
SD48176718,Emp and Assistance,2012-05-07 00:00:00,2023-09-12 00:00:00,2018-03-15 00:00:00,Y,SR1876309097,2023-05-01 07:32:00,2023-09-12 15:03:00,PLMS Review,134
SD48428725,Emp and Assistance,2010-12-22 00:00:00,2023-09-13 00:00:00,2014-09-03 00:00:00,Y,SR1713053511,2022-01-12 10:06:00,2022-10-12 09:34:00,PLMS Review,272
SD47194782,Emp and Assistance,2009-11-30 00:00:00,2023-02-28 00:00:00,2010-07-20 00:00:00,Y,SR1853357795,2023-02-27 07:38:00,2023-02-28 14:10:00,PLMS Review,1
SD48076101,Emp and Assistance,2006-03-31 00:00:00,2021-03-03 00:00:00,2019-04-30 00:00:00,Y,SR1788185849,2022-08-24 10:55:00,2022-08-24 10:56:00,Gen Enquiry,0
SD48548728,Emp and Assistance,1994-03-07 00:00:00,2023-03-20 00:00:00,2012-04-20 00:00:00,Y,SR1820420764,2022-12-07 09:15:00,2023-01-26 08:43:00,PLMS Review,49
SD47977577,Emp and Assistance,1992-07-21 00:00:00,2021-01-07 00:00:00,1999-01-25 00:00:00,Y,SR1815731760,2022-11-21 14:17:00,2022-11-21 14:21:00,Gen Enquiry,0
SD47772911,Emp and Assistance,1993-03-22 00:00:00,2023-06-01 00:00:00,2019-04-23 00:00:00,Y,SR1855646986,2023-03-07 08:03:00,2023-03-15 07:45:00,PLMS Review,7
SD47011252,Emp and Assistance,2003-11-07 00:00:00,2023-09-12 00:00:00,2015-10-02 00:00:00,Y,SR1884320792,2023-05-16 08:24:00,2023-09-12 08:53:00,PLMS Review,119
SD47356034,Emp and Assistance,1995-01-05 00:00:00,2023-07-17 00:00:00,2006-01-19 00:00:00,Y,SR1781952985,2022-08-05 15:53:00,2022-08-05 15:54:00,Gen Enquiry,0
SD47356034,Emp and Assistance,1995-01-05 00:00:00,2023-07-17 00:00:00,2006-01-19 00:00:00,Y,SR1830905346,2023-01-09 10:25:00,2023-01-09 10:26:00,Gen Enquiry,0
SD1308717684,Emp and Assistance,2021-05-10 00:00:00,2023-01-31 00:00:00,2023-01-31 00:00:00,Y,SR1826962614,2022-12-23 07:27:00,2023-01-05 15:42:00,PLMS Review,13
SD48810432,Emp and Assistance,1995-01-12 00:00:00,2021-03-11 00:00:00,1998-09-24 00:00:00,Y,SR1782399984,2022-08-08 12:16:00,2022-08-08 12:17:00,Gen Enquiry,0
SD48859390,Emp and Assistance,1995-09-07 00:00:00,2021-06-16 00:00:00,2019-05-17 00:00:00,Y,SR1778855882,2022-07-22 09:15:00,2022-07-22 09:18:00,Gen Enquiry,0
SD47675456,Emp and Assistance,2000-09-26 00:00:00,2021-05-05 00:00:00,2014-06-05 00:00:00,Y,SR1778031785,2022-07-19 10:19:00,2022-07-19 10:36:00,Gen Enquiry,0
SD48910859,Emp and Assistance,1994-05-10 00:00:00,2023-08-10 00:00:00,2017-09-19 00:00:00,Y,SR1841937645,2023-02-08 12:55:00,2023-02-08 13:02:00,Gen Enquiry,0
SD48910859,Emp and Assistance,1994-05-10 00:00:00,2023-08-10 00:00:00,2017-09-19 00:00:00,Y,SR1782698089,2022-08-09 10:50:00,2022-08-11 08:53:00,Gen Enquiry,1
SD47392618,Emp and Assistance,1998-12-16 00:00:00,2022-10-07 00:00:00,2018-09-05 00:00:00,Y,SR1797005962,2022-09-21 13:43:00,2022-10-07 11:59:00,PLMS Review,15
SD48901170,Emp and Assistance,2007-04-10 00:00:00,2023-05-29 00:00:00,2008-09-09 00:00:00,Y,SR1790332456,2022-09-01 07:47:00,2023-05-29 09:24:00,PLMS Review,270
SD46950545,Emp and Assistance,1991-06-14 00:00:00,2022-02-18 00:00:00,2018-08-07 00:00:00,Y,SR1832022475,2023-01-11 14:25:00,2023-01-11 14:26:00,Gen Enquiry,0
SD49030110,Emp and Assistance,2006-04-25 00:00:00,2020-12-31 00:00:00,2011-12-29 00:00:00,Y,SR1836612677,2023-01-20 16:08:00,2023-01-20 16:09:00,Gen Enquiry,0
SD47821514,Emp and Assistance,1999-01-07 00:00:00,2022-12-02 00:00:00,2011-08-11 00:00:00,Y,SR1763832205,2022-06-08 11:14:00,2022-08-03 07:36:00,PLMS Review,55
SD48520195,Emp and Assistance,2008-01-18 00:00:00,2023-07-21 00:00:00,2012-07-16 00:00:00,Y,SR1828142491,2022-12-29 10:50:00,2022-12-29 10:54:00,Gen Enquiry,0
SD47011611,Emp and Assistance,2003-12-11 00:00:00,2023-06-22 00:00:00,2017-06-19 00:00:00,Y,SR1769071541,2022-06-22 12:09:00,2022-07-19 16:41:00,PLMS Review,27
SD46956155,Emp and Assistance,1991-04-19 00:00:00,2022-01-20 00:00:00,2018-10-18 00:00:00,Y,SR1743993811,2022-04-01 12:04:00,2022-11-03 13:49:00,Gen Enquiry,216
SD47679158,Emp and Assistance,2000-01-26 00:00:00,2021-02-24 00:00:00,2021-02-01 00:00:00,Y,SR1802229452,2022-10-17 16:15:00,2022-10-17 16:15:00,Gen Enquiry,0
SD47144621,Emp and Assistance,1996-12-13 00:00:00,2022-10-31 00:00:00,1998-09-28 00:00:00,Y,SR1792357112,2022-09-12 07:50:00,2022-10-31 08:48:00,PLMS Review,49
SD48094267,Emp and Assistance,2008-11-26 00:00:00,2023-02-15 00:00:00,2016-03-30 00:00:00,Y,SR1764433959,2022-06-10 08:13:00,2022-06-10 08:15:00,Gen Enquiry,0
SD47333275,Emp and Assistance,1991-09-09 00:00:00,2023-08-29 00:00:00,2022-03-08 00:00:00,Y,SR1877821631,2023-05-05 10:13:00,2023-05-05 10:34:00,Gen Enquiry,0
SD47333275,Emp and Assistance,1991-09-09 00:00:00,2023-08-29 00:00:00,2022-03-08 00:00:00,Y,SR1877468022,2023-05-04 14:43:00,2023-05-04 14:44:00,Gen Enquiry,0
SD47333275,Emp and Assistance,1991-09-09 00:00:00,2023-08-29 00:00:00,2022-03-08 00:00:00,Y,SR1877468021,2023-05-04 14:40:00,2023-05-04 14:42:00,Gen Enquiry,0
SD47333275,Emp and Assistance,1991-09-09 00:00:00,2023-08-29 00:00:00,2022-03-08 00:00:00,Y,SR1763155504,2022-06-06 16:40:00,2022-06-07 10:10:00,Gen Enquiry,0
SD48977818,Emp and Assistance,2000-07-26 00:00:00,2022-07-21 00:00:00,2014-02-11 00:00:00,Y,SR1755271883,2022-05-11 09:19:00,2022-06-29 16:32:00,PLMS Review,49
SD47405399,Emp and Assistance,2009-09-25 00:00:00,2021-01-18 00:00:00,2013-08-08 00:00:00,Y,SR1873567598,2023-04-21 11:33:00,2023-04-21 11:34:00,Gen Enquiry,0
SD48062733,Emp and Assistance,2001-10-17 00:00:00,2023-02-25 00:00:00,2006-10-23 00:00:00,Y,SR1792029289,2022-09-09 12:03:00,2023-02-25 12:10:00,Gen Enquiry,169
SD47544625,Emp and Assistance,2000-06-07 00:00:00,2022-10-17 00:00:00,2005-04-18 00:00:00,Y,SR1726999235,2022-02-24 08:49:00,2022-10-17 08:30:00,PLMS Review,234
SD47298590,Emp and Assistance,1996-01-22 00:00:00,2021-05-28 00:00:00,2021-02-26 00:00:00,Y,SR1774153096,2022-07-12 10:33:00,2022-07-12 10:35:00,Gen Enquiry,0
SD48776397,Emp and Assistance,1994-04-19 00:00:00,2023-01-24 00:00:00,1997-11-21 00:00:00,Y,SR1816529230,2022-11-24 12:31:00,2022-11-25 16:32:00,PLMS Review,1
SD49012841,Emp and Assistance,2009-02-10 00:00:00,2023-06-01 00:00:00,2011-08-30 00:00:00,Y,SR1644946933,2021-05-19 13:30:00,2022-11-30 11:19:00,Gen Enquiry,559
SD48969760,Emp and Assistance,2011-04-15 00:00:00,2021-02-03 00:00:00,2016-01-18 00:00:00,Y,SR1864154806,2023-03-29 16:10:00,2023-03-29 16:10:00,Gen Enquiry,0
SD46945796,Emp and Assistance,1982-02-26 00:00:00,2021-01-12 00:00:00,2017-12-28 00:00:00,Y,SR1829403701,2023-01-04 11:06:00,2023-01-04 11:07:00,Gen Enquiry,0
SD48428481,Emp and Assistance,2001-04-06 00:00:00,2023-04-19 00:00:00,2017-05-17 00:00:00,Y,SR1777861513,2022-07-18 11:43:00,2022-07-18 15:08:00,Gen Enquiry,0
SD48428481,Emp and Assistance,2001-04-06 00:00:00,2023-04-19 00:00:00,2017-05-17 00:00:00,Y,SR1851845147,2023-02-22 16:15:00,2023-02-22 16:16:00,Gen Enquiry,0
SD47348186,Emp and Assistance,1991-11-26 00:00:00,2021-06-16 00:00:00,2008-08-19 00:00:00,Y,SR1791408230,2022-09-07 10:26:00,2022-09-07 10:27:00,Gen Enquiry,0
SD48252232,Emp and Assistance,1992-01-31 00:00:00,2023-08-16 00:00:00,2022-07-13 00:00:00,Y,SR1873567256,2023-04-21 09:59:00,2023-04-21 10:02:00,Gen Enquiry,0
SD47594737,Emp and Assistance,1992-02-25 00:00:00,2021-05-06 00:00:00,2003-02-17 00:00:00,Y,SR1868565063,2023-04-13 10:26:00,2023-04-13 10:27:00,Gen Enquiry,0
SD47315499,Emp and Assistance,1993-10-08 00:00:00,2023-04-17 00:00:00,2002-09-27 00:00:00,Y,SR1745247606,2022-04-05 07:46:00,2022-07-21 16:11:00,PLMS Review,107
SD47651090,Emp and Assistance,1995-04-04 00:00:00,2023-06-22 00:00:00,2022-10-18 00:00:00,Y,SR1828406700,2022-12-30 13:10:00,2022-12-30 13:12:00,Gen Enquiry,0
SD48270865,Emp and Assistance,1991-10-15 00:00:00,2023-01-18 00:00:00,2014-03-04 00:00:00,Y,SR1796712914,2022-09-20 12:46:00,2022-12-06 10:32:00,Gen Enquiry,76
SD48727714,Emp and Assistance,2000-11-15 00:00:00,2023-07-05 00:00:00,2019-05-16 00:00:00,Y,SR1850707912,2023-02-16 09:06:00,2023-07-05 08:25:00,PLMS Review,138
SD47448969,Emp and Assistance,1991-10-22 00:00:00,2021-06-17 00:00:00,1998-11-05 00:00:00,Y,SR1855290918,2023-03-06 11:43:00,2023-03-06 11:44:00,Gen Enquiry,0
SD48006910,Emp and Assistance,1991-09-12 00:00:00,2023-09-12 00:00:00,2009-10-23 00:00:00,Y,SR1809037667,2022-11-02 09:30:00,2023-09-12 10:46:00,PLMS Review,314
SD47872334,Emp and Assistance,1992-05-06 00:00:00,2021-05-04 00:00:00,2011-07-15 00:00:00,Y,SR1789474957,2022-08-29 14:14:00,2022-08-29 14:15:00,Gen Enquiry,0
SD47570271,Emp and Assistance,1991-11-13 00:00:00,2022-01-31 00:00:00,2000-07-11 00:00:00,Y,SR1862399636,2023-03-21 11:38:00,2023-03-21 11:39:00,Gen Enquiry,0
SD47894208,Emp and Assistance,1992-08-26 00:00:00,2019-04-12 00:00:00,2004-03-04 00:00:00,Y,SR1851017180,2023-02-17 09:17:00,2023-02-17 09:18:00,Gen Enquiry,0
SD47122291,Emp and Assistance,2011-02-11 00:00:00,2021-02-11 00:00:00,2011-03-11 00:00:00,Y,SR1864153727,2023-03-29 13:54:00,2023-03-29 13:55:00,Gen Enquiry,0
SD47394929,Emp and Assistance,1997-12-08 00:00:00,2022-10-21 00:00:00,2019-10-29 00:00:00,Y,SR1798599125,2022-09-29 09:20:00,2022-09-29 09:21:00,Gen Enquiry,0
SD48864411,Emp and Assistance,2005-07-19 00:00:00,2022-08-04 00:00:00,2020-08-07 00:00:00,Y,SR1781676650,2022-08-04 11:37:00,2022-08-05 03:30:00,Gen Enquiry,0
SD48382123,Emp and Assistance,2005-01-25 00:00:00,2023-04-05 00:00:00,2020-12-15 00:00:00,Y,SR1863230374,2023-03-24 09:16:00,2023-04-05 13:21:00,Gen Enquiry,12
SD48457203,Emp and Assistance,1996-10-03 00:00:00,2023-05-02 00:00:00,2009-09-08 00:00:00,Y,SR1803137568,2022-10-19 11:47:00,2023-02-23 14:26:00,Gen Enquiry,127
SD48979788,Emp and Assistance,1991-06-06 00:00:00,2023-05-11 00:00:00,2016-05-16 00:00:00,Y,SR1842238353,2023-02-09 09:13:00,2023-02-09 09:14:00,Gen Enquiry,0
SD48979788,Emp and Assistance,1991-06-06 00:00:00,2023-05-11 00:00:00,2016-05-16 00:00:00,Y,SR1837659343,2023-01-25 15:25:00,2023-01-25 15:27:00,Gen Enquiry,0
SD139528879,Emp and Assistance,2013-01-23 00:00:00,2023-07-25 00:00:00,2020-07-24 00:00:00,Y,SR1856220532,2023-03-09 15:23:00,2023-03-09 15:24:00,Gen Enquiry,0
SD139528879,Emp and Assistance,2013-01-23 00:00:00,2023-07-25 00:00:00,2020-07-24 00:00:00,Y,SR1830903459,2023-01-09 09:11:00,2023-01-10 09:58:00,PLMS Review,1
SD48007177,Emp and Assistance,1991-12-20 00:00:00,2021-08-06 00:00:00,2009-10-02 00:00:00,Y,SR1770967502,2022-07-04 10:31:00,2022-07-04 10:32:00,Gen Enquiry,0
SD47145586,Emp and Assistance,1992-05-20 00:00:00,2021-04-01 00:00:00,2016-06-02 00:00:00,Y,SR1778615408,2022-07-21 15:21:00,2022-07-21 15:22:00,Gen Enquiry,0
SD48704970,Emp and Assistance,1994-06-10 00:00:00,2023-02-02 00:00:00,2016-06-07 00:00:00,Y,SR1788474864,2022-08-25 08:11:00,2022-10-06 17:06:00,PLMS Review,42
SD47680372,Emp and Assistance,1992-07-10 00:00:00,2023-05-24 00:00:00,2013-01-30 00:00:00,Y,SR1826709221,2022-12-22 08:35:00,2023-05-24 14:51:00,PLMS Review,153
SD48980772,Emp and Assistance,1994-09-16 00:00:00,2021-08-06 00:00:00,2021-02-08 00:00:00,Y,SR1848036378,2023-02-10 16:18:00,2023-02-10 16:19:00,Gen Enquiry,0
SD48579136,Emp and Assistance,1998-12-18 00:00:00,2023-05-04 00:00:00,2022-06-22 00:00:00,Y,SR1857081460,2023-03-13 09:36:00,2023-05-04 10:02:00,Gen Enquiry,52
SD48579136,Emp and Assistance,1998-12-18 00:00:00,2023-05-04 00:00:00,2022-06-22 00:00:00,Y,SR1771225682,2022-07-05 08:20:00,2023-03-10 08:48:00,Gen Enquiry,248
SD48794192,Emp and Assistance,1993-11-02 00:00:00,2022-12-14 00:00:00,2014-02-03 00:00:00,Y,SR1781980856,2022-08-05 13:46:00,2022-08-05 14:34:00,Gen Enquiry,0
SD47461476,Emp and Assistance,2009-09-01 00:00:00,2023-05-18 00:00:00,2021-09-02 00:00:00,Y,SR1822831384,2022-12-15 15:57:00,2022-12-15 16:06:00,Gen Enquiry,0
SD47461476,Emp and Assistance,2009-09-01 00:00:00,2023-05-18 00:00:00,2021-09-02 00:00:00,Y,SR1821915246,2022-12-13 13:26:00,2023-01-06 12:59:00,PLMS Review,23
SD47461476,Emp and Assistance,2009-09-01 00:00:00,2023-05-18 00:00:00,2021-09-02 00:00:00,Y,SR1764789510,2022-06-13 12:03:00,2022-06-13 13:57:00,Gen Enquiry,0
SD47461476,Emp and Assistance,2009-09-01 00:00:00,2023-05-18 00:00:00,2021-09-02 00:00:00,Y,SR1863605663,2023-03-27 08:50:00,2023-05-18 10:41:00,PLMS Review,52
SD47461476,Emp and Assistance,2009-09-01 00:00:00,2023-05-18 00:00:00,2021-09-02 00:00:00,Y,SR1822836155,2022-12-15 12:08:00,2022-12-15 12:14:00,Gen Enquiry,0
SD47461476,Emp and Assistance,2009-09-01 00:00:00,2023-05-18 00:00:00,2021-09-02 00:00:00,Y,SR1822293351,2022-12-14 11:05:00,2022-12-14 11:07:00,Gen Enquiry,0
SD48679501,Emp and Assistance,2009-11-20 00:00:00,2023-04-28 00:00:00,2018-02-16 00:00:00,Y,SR1825765185,2022-12-16 10:42:00,2023-04-28 16:18:00,PLMS Review,133
SD48215448,Emp and Assistance,2001-08-16 00:00:00,2022-08-18 00:00:00,2021-12-03 00:00:00,Y,SR1797512879,2022-09-23 14:47:00,2022-09-23 16:32:00,Gen Enquiry,0
SD47593878,Emp and Assistance,1995-09-14 00:00:00,2023-07-11 00:00:00,2019-10-31 00:00:00,Y,SR1763149808,2022-06-06 10:40:00,2022-06-10 09:22:00,Gen Enquiry,3
SD47117657,Emp and Assistance,1994-01-05 00:00:00,2023-05-12 00:00:00,2018-10-03 00:00:00,Y,SR1837659603,2023-01-25 10:48:00,2023-01-26 10:19:00,PLMS Review,0
SD47117657,Emp and Assistance,1994-01-05 00:00:00,2023-05-12 00:00:00,2018-10-03 00:00:00,Y,SR1809036387,2022-11-02 09:30:00,2023-01-24 12:31:00,PLMS Review,83
SD48632973,Emp and Assistance,2009-01-26 00:00:00,2021-05-12 00:00:00,2016-09-01 00:00:00,Y,SR1855290917,2023-03-06 11:40:00,2023-03-06 11:40:00,Gen Enquiry,0
SD48027610,Emp and Assistance,2004-02-23 00:00:00,2022-12-05 00:00:00,2022-06-07 00:00:00,Y,SR1770338991,2022-06-29 09:49:00,2022-08-08 13:30:00,Gen Enquiry,40
SD47186719,Emp and Assistance,1995-09-26 00:00:00,2023-05-26 00:00:00,2014-08-13 00:00:00,Y,SR1825657187,2022-12-16 10:42:00,2023-05-26 16:35:00,PLMS Review,161
SD47272390,Emp and Assistance,1991-08-20 00:00:00,2022-11-15 00:00:00,2006-12-21 00:00:00,Y,SR1784034938,2022-08-16 11:00:00,2022-08-16 11:01:00,Gen Enquiry,0
SD47272390,Emp and Assistance,1991-08-20 00:00:00,2022-11-15 00:00:00,2006-12-21 00:00:00,Y,SR1801707866,2022-10-13 13:21:00,2022-10-13 13:31:00,Gen Enquiry,0
SD47272390,Emp and Assistance,1991-08-20 00:00:00,2022-11-15 00:00:00,2006-12-21 00:00:00,Y,SR1800052692,2022-10-05 14:14:00,2022-10-05 14:17:00,Gen Enquiry,0
SD48813116,Emp and Assistance,2010-06-18 00:00:00,2023-02-15 00:00:00,2018-07-10 00:00:00,Y,SR1782926650,2022-08-10 09:15:00,2022-08-12 14:01:00,PLMS Review,2
SD48813116,Emp and Assistance,2010-06-18 00:00:00,2023-02-15 00:00:00,2018-07-10 00:00:00,Y,SR1841059019,2023-02-07 10:18:00,2023-02-15 13:06:00,PLMS Review,8
SD48813116,Emp and Assistance,2010-06-18 00:00:00,2023-02-15 00:00:00,2018-07-10 00:00:00,Y,SR1808721626,2022-11-01 10:20:00,2022-11-01 13:54:00,PLMS Review,0
SD48803095,Emp and Assistance,1993-10-05 00:00:00,2023-05-30 00:00:00,2008-07-25 00:00:00,Y,SR1819164525,2022-12-02 09:13:00,2023-01-26 16:55:00,Gen Enquiry,55
SD47749376,Emp and Assistance,1991-09-05 00:00:00,2023-06-13 00:00:00,2016-04-21 00:00:00,Y,SR1782929345,2022-08-10 11:37:00,2022-11-03 14:10:00,PLMS Review,85
SD48433005,Emp and Assistance,1994-10-26 00:00:00,2022-11-10 00:00:00,2022-02-22 00:00:00,Y,SR1730130147,2022-03-08 11:33:00,2022-08-16 10:11:00,Gen Enquiry,160
SD47194868,Emp and Assistance,2010-01-15 00:00:00,2023-05-08 00:00:00,2018-05-10 00:00:00,Y,SR1801153152,2022-10-11 10:41:00,2022-10-25 16:14:00,PLMS Review,14
SD47194868,Emp and Assistance,2010-01-15 00:00:00,2023-05-08 00:00:00,2018-05-10 00:00:00,Y,SR1867762482,2023-04-12 16:05:00,2023-05-08 10:05:00,PLMS Review,25
SD47194868,Emp and Assistance,2010-01-15 00:00:00,2023-05-08 00:00:00,2018-05-10 00:00:00,Y,SR1837656797,2023-01-25 14:10:00,2023-01-31 15:51:00,PLMS Review,6
SD47187542,Emp and Assistance,1995-10-19 00:00:00,2023-05-18 00:00:00,2022-01-06 00:00:00,Y,SR1875354267,2023-04-28 10:40:00,2023-05-18 15:24:00,PLMS Review,20
SD46947064,Emp and Assistance,1994-02-25 00:00:00,2022-12-08 00:00:00,2017-12-27 00:00:00,Y,SR1797292742,2022-09-22 08:04:00,2022-10-19 10:06:00,PLMS Review,27
SD48328600,Emp and Assistance,2009-01-06 00:00:00,2023-06-01 00:00:00,2018-09-13 00:00:00,Y,SR1815733404,2022-11-21 16:20:00,2022-11-21 16:23:00,Gen Enquiry,0
SD48745617,Emp and Assistance,1992-10-16 00:00:00,2023-07-11 00:00:00,2002-10-17 00:00:00,Y,SR1840689631,2023-02-06 10:07:00,2023-02-14 13:18:00,PLMS Review,8
SD47534060,Emp and Assistance,2012-02-09 00:00:00,2021-09-07 00:00:00,2017-03-31 00:00:00,Y,SR1851845145,2023-02-22 16:08:00,2023-02-22 16:09:00,Gen Enquiry,0
SD809380624,Emp and Assistance,2017-03-06 00:00:00,2023-03-15 00:00:00,2020-04-23 00:00:00,Y,SR1857792548,2023-03-15 10:51:00,2023-03-15 10:53:00,Gen Enquiry,0
SD47120619,Emp and Assistance,1998-01-07 00:00:00,2023-03-15 00:00:00,2022-01-26 00:00:00,Y,SR1769075085,2022-06-22 09:09:00,2022-06-22 09:10:00,Gen Enquiry,0
SD48465262,Emp and Assistance,1991-04-11 00:00:00,2022-07-22 00:00:00,2015-10-28 00:00:00,Y,SR1623496476,2021-03-09 08:29:00,2022-07-22 13:43:00,PLMS Review,500
SD47025944,Emp and Assistance,1996-09-19 00:00:00,2023-06-06 00:00:00,2009-09-14 00:00:00,Y,SR1837916147,2023-01-26 11:55:00,2023-01-26 11:58:00,Gen Enquiry,0
SD47025944,Emp and Assistance,1996-09-19 00:00:00,2023-06-06 00:00:00,2009-09-14 00:00:00,Y,SR1853685685,2023-02-28 11:18:00,2023-03-23 16:29:00,PLMS Review,23
SD47025944,Emp and Assistance,1996-09-19 00:00:00,2023-06-06 00:00:00,2009-09-14 00:00:00,Y,SR1760570446,2022-05-26 07:43:00,2022-09-14 16:53:00,PLMS Review,111
SD47506551,Emp and Assistance,2011-03-18 00:00:00,2022-12-17 00:00:00,2012-07-03 00:00:00,Y,SR1692899307,2021-11-01 09:59:00,2022-12-17 03:31:00,Gen Enquiry,410
SD47632117,Emp and Assistance,1993-06-30 00:00:00,2021-03-16 00:00:00,2017-10-11 00:00:00,Y,SR1782694633,2022-08-09 12:30:00,2022-08-09 12:31:00,Gen Enquiry,0
SD47870353,Emp and Assistance,2006-01-03 00:00:00,2022-02-25 00:00:00,2012-06-20 00:00:00,Y,SR1747086939,2022-04-13 13:43:00,2022-07-07 14:43:00,PLMS Review,85
SD47059152,Emp and Assistance,2011-05-13 00:00:00,2023-06-16 00:00:00,2011-05-19 00:00:00,Y,SR1821919039,2022-12-13 08:07:00,2023-05-25 16:17:00,PLMS Review,163
SD47392219,Emp and Assistance,1998-11-27 00:00:00,2022-10-13 00:00:00,2011-01-25 00:00:00,Y,SR1792030740,2022-09-09 13:17:00,2022-09-09 15:32:00,Gen Enquiry,0
SD723758093,Emp and Assistance,2016-08-11 00:00:00,2023-07-06 00:00:00,2017-09-27 00:00:00,Y,SR1872230526,2023-04-17 12:46:00,2023-04-17 12:47:00,Gen Enquiry,0
SD994216033,Emp and Assistance,2018-05-29 00:00:00,2023-05-04 00:00:00,2021-02-12 00:00:00,Y,SR1828923105,2023-01-03 11:37:00,2023-03-13 09:36:00,PLMS Review,68
SD283818706,Emp and Assistance,2013-12-04 00:00:00,2023-03-14 00:00:00,2017-10-24 00:00:00,Y,SR1771522618,2022-07-06 09:53:00,2022-07-06 11:36:00,PLMS Review,0
SD283818706,Emp and Assistance,2013-12-04 00:00:00,2023-03-14 00:00:00,2017-10-24 00:00:00,Y,SR1801437981,2022-10-12 12:21:00,2022-10-13 13:26:00,PLMS Review,1
SD283818706,Emp and Assistance,2013-12-04 00:00:00,2023-03-14 00:00:00,2017-10-24 00:00:00,Y,SR1855291388,2023-03-06 15:43:00,2023-03-14 14:15:00,PLMS Review,7
SD48082339,Emp and Assistance,1993-12-08 00:00:00,2022-09-15 00:00:00,2006-08-17 00:00:00,Y,SR1785214483,2022-08-18 10:33:00,2022-08-18 10:34:00,Gen Enquiry,0
SD466802288,Emp and Assistance,2015-01-07 00:00:00,2021-05-14 00:00:00,2020-04-23 00:00:00,Y,SR1820739829,2022-12-08 14:19:00,2022-12-08 14:20:00,Gen Enquiry,0
SD781501438,Emp and Assistance,2016-12-30 00:00:00,2023-07-10 00:00:00,2022-06-08 00:00:00,Y,SR1769075998,2022-06-22 12:00:00,2022-06-22 12:02:00,Gen Enquiry,0
SD954683580,Emp and Assistance,2018-02-23 00:00:00,2022-12-17 00:00:00,2020-01-16 00:00:00,Y,SR1736214914,2022-03-24 12:21:00,2022-10-12 08:45:00,PLMS Review,201
SD48635962,Emp and Assistance,2012-05-04 00:00:00,2021-04-15 00:00:00,2015-09-25 00:00:00,Y,SR1777161722,2022-07-15 08:51:00,2022-07-15 08:52:00,Gen Enquiry,0
SD902948790,Emp and Assistance,2017-10-19 00:00:00,2022-11-07 00:00:00,2018-08-22 00:00:00,Y,SR1783418540,2022-08-12 10:41:00,2022-11-07 16:26:00,PLMS Review,87
SD584560031,Emp and Assistance,2015-09-18 00:00:00,2023-04-13 00:00:00,2020-05-22 00:00:00,Y,SR1820739405,2022-12-08 12:40:00,2022-12-08 12:41:00,Gen Enquiry,0
SD681921780,Emp and Assistance,2016-05-05 00:00:00,2023-05-10 00:00:00,2018-09-06 00:00:00,Y,SR1800090736,2022-10-05 15:59:00,2022-10-05 16:01:00,Gen Enquiry,0
SD628553828,Emp and Assistance,2016-01-05 00:00:00,2022-05-04 00:00:00,2022-04-01 00:00:00,Y,SR1759747872,2022-05-20 16:09:00,2022-10-26 12:34:00,Gen Enquiry,158
SD47209404,Emp and Assistance,1999-05-11 00:00:00,2022-07-11 00:00:00,1999-11-19 00:00:00,Y,SR1432047441,2020-01-29 08:50:00,2022-07-11 08:17:00,PLMS Review,893
SD48338814,Emp and Assistance,2009-04-14 00:00:00,2022-09-21 00:00:00,2018-09-04 00:00:00,Y,SR1787796472,2022-08-22 15:26:00,2022-09-21 13:36:00,Gen Enquiry,29
SD373118916,Emp and Assistance,2014-06-11 00:00:00,2023-07-27 00:00:00,2017-07-13 00:00:00,Y,SR1874052496,2023-04-24 07:51:00,2023-05-04 11:18:00,PLMS Review,10
SD373118916,Emp and Assistance,2014-06-11 00:00:00,2023-07-27 00:00:00,2017-07-13 00:00:00,Y,SR1877819521,2023-05-05 09:31:00,2023-07-27 11:42:00,PLMS Review,83
SD685207254,Emp and Assistance,2016-05-12 00:00:00,2023-03-16 00:00:00,2023-03-16 00:00:00,Y,SR1771227031,2022-07-05 10:52:00,2022-07-05 10:55:00,Gen Enquiry,0
SD806738241,Emp and Assistance,2017-02-28 00:00:00,2023-05-18 00:00:00,2018-06-26 00:00:00,Y,SR1867763408,2023-04-12 15:40:00,2023-05-18 18:53:00,PLMS Review,36
SD769612423,Emp and Assistance,2016-11-30 00:00:00,2022-06-27 00:00:00,2018-10-11 00:00:00,Y,SR1624076332,2021-03-11 13:26:00,2022-06-28 03:30:00,Gen Enquiry,473
SD696138259,Emp and Assistance,2016-06-07 00:00:00,2023-05-17 00:00:00,2018-11-26 00:00:00,Y,SR1886253212,2023-05-25 08:57:00,2023-05-30 08:08:00,Gen Enquiry,4
SD409400309,Emp and Assistance,2014-09-03 00:00:00,2023-05-25 00:00:00,2022-12-07 00:00:00,Y,SR1778853573,2022-07-22 15:42:00,2022-07-28 15:25:00,PLMS Review,5
SD150069132,Emp and Assistance,2013-02-14 00:00:00,2023-03-16 00:00:00,2020-03-18 00:00:00,Y,SR1809037666,2022-11-02 09:30:00,2023-03-16 12:33:00,PLMS Review,134
SD48423995,Emp and Assistance,1998-01-07 00:00:00,2021-06-16 00:00:00,2005-11-08 00:00:00,Y,SR1792032096,2022-09-09 09:27:00,2022-09-09 09:28:00,Gen Enquiry,0
SD49008128,Emp and Assistance,2009-12-11 00:00:00,2023-02-11 00:00:00,2017-01-18 00:00:00,Y,SR1837659400,2023-01-25 10:48:00,2023-02-16 15:23:00,PLMS Review,22
SD49008128,Emp and Assistance,2009-12-11 00:00:00,2023-02-11 00:00:00,2017-01-18 00:00:00,Y,SR1768672813,2022-06-20 09:48:00,2022-07-14 16:44:00,PLMS Review,24
SD46987695,Emp and Assistance,2002-02-28 00:00:00,2021-02-05 00:00:00,2016-12-06 00:00:00,Y,SR1829830223,2023-01-05 09:16:00,2023-01-05 09:16:00,Gen Enquiry,0
SD48382417,Emp and Assistance,2012-05-01 00:00:00,2022-12-13 00:00:00,2016-06-13 00:00:00,Y,SR1821916293,2022-12-13 14:33:00,2022-12-13 16:35:00,Gen Enquiry,0
SD47497922,Emp and Assistance,1991-10-18 00:00:00,2023-03-20 00:00:00,2006-07-27 00:00:00,Y,SR1774730731,2022-07-13 12:32:00,2022-07-27 14:44:00,Gen Enquiry,14
SD48392807,Emp and Assistance,2011-02-04 00:00:00,2023-04-17 00:00:00,2014-11-03 00:00:00,Y,SR1820098011,2022-12-06 08:56:00,2023-04-17 11:35:00,PLMS Review,132
SD1154265127,Emp and Assistance,2019-07-04 00:00:00,2022-06-20 00:00:00,2021-12-07 00:00:00,Y,SR1764792155,2022-06-13 10:07:00,2022-06-14 15:04:00,Gen Enquiry,1
SD1154265127,Emp and Assistance,2019-07-04 00:00:00,2022-06-20 00:00:00,2021-12-07 00:00:00,Y,SR1763830839,2022-06-08 13:58:00,2022-06-09 14:54:00,Gen Enquiry,1
SD48493324,Emp and Assistance,2007-07-31 00:00:00,2023-02-07 00:00:00,2018-10-31 00:00:00,Y,SR1793952011,2022-09-15 12:54:00,2022-09-20 17:23:00,Gen Enquiry,5
SD48768475,Emp and Assistance,1994-12-16 00:00:00,2021-05-21 00:00:00,2000-08-22 00:00:00,Y,SR1762409024,2022-06-02 16:14:00,2022-06-02 16:14:00,Gen Enquiry,0
SD48815006,Emp and Assistance,1991-09-12 00:00:00,2022-09-29 00:00:00,2005-08-17 00:00:00,Y,SR1732075233,2022-03-16 07:24:00,2022-09-29 11:24:00,PLMS Review,197
SD48017555,Emp and Assistance,1993-04-05 00:00:00,2023-05-26 00:00:00,2016-09-14 00:00:00,Y,SR1864154669,2023-03-29 14:42:00,2023-03-29 14:43:00,Gen Enquiry,0
SD48907036,Emp and Assistance,2009-12-15 00:00:00,2021-12-07 00:00:00,2015-01-15 00:00:00,Y,SR1772893274,2022-07-08 11:17:00,2023-01-27 13:48:00,Gen Enquiry,203
SD398769965,Emp and Assistance,2014-08-07 00:00:00,2023-03-17 00:00:00,2022-03-17 00:00:00,Y,SR1783139166,2022-08-11 13:45:00,2022-08-12 11:47:00,Gen Enquiry,0
SD408626407,Emp and Assistance,2014-09-02 00:00:00,2023-04-26 00:00:00,2020-01-29 00:00:00,Y,SR1854331053,2023-03-02 07:55:00,2023-04-26 16:05:00,PLMS Review,55
SD48545520,Emp and Assistance,2011-11-01 00:00:00,2021-10-05 00:00:00,2020-03-19 00:00:00,Y,SR1793953747,2022-09-15 11:07:00,2022-09-15 11:09:00,Gen Enquiry,0
SD48034608,Emp and Assistance,1992-03-09 00:00:00,2023-03-15 00:00:00,1996-02-08 00:00:00,Y,SR1826702977,2022-12-22 10:29:00,2022-12-22 10:33:00,Gen Enquiry,0
SD1070053747,Emp and Assistance,2018-11-27 00:00:00,2023-06-08 00:00:00,2023-03-29 00:00:00,Y,SR1810115915,2022-11-07 13:18:00,2023-01-16 08:23:00,PLMS Review,69
SD1070053747,Emp and Assistance,2018-11-27 00:00:00,2023-06-08 00:00:00,2023-03-29 00:00:00,Y,SR1865605968,2023-04-03 14:45:00,2023-04-03 14:45:00,Gen Enquiry,0
SD49008953,Emp and Assistance,1993-03-31 00:00:00,2021-03-24 00:00:00,2012-11-14 00:00:00,Y,SR1783420132,2022-08-12 08:25:00,2022-08-12 08:26:00,Gen Enquiry,0
SD48393696,Emp and Assistance,2011-02-11 00:00:00,2022-12-14 00:00:00,2012-09-18 00:00:00,Y,SR1784008197,2022-08-16 08:20:00,2022-11-29 16:05:00,Gen Enquiry,105
SD47152096,Emp and Assistance,1995-11-28 00:00:00,2022-08-16 00:00:00,2008-10-03 00:00:00,Y,SR1742931257,2022-03-28 11:43:00,2022-08-16 11:08:00,PLMS Review,140
SD48483576,Emp and Assistance,2010-11-12 00:00:00,2022-11-10 00:00:00,2021-02-22 00:00:00,Y,SR1792642359,2022-09-13 10:04:00,2022-09-23 14:05:00,PLMS Review,10
SD48483576,Emp and Assistance,2010-11-12 00:00:00,2022-11-10 00:00:00,2021-02-22 00:00:00,Y,SR1810338155,2022-11-08 08:39:00,2022-11-10 13:30:00,PLMS Review,2
SD48252375,Emp and Assistance,1992-01-28 00:00:00,2023-01-05 00:00:00,2006-06-15 00:00:00,Y,SR1762691440,2022-06-03 10:13:00,2023-01-05 14:49:00,PLMS Review,216
SD47193912,Emp and Assistance,2009-08-12 00:00:00,2023-02-17 00:00:00,2016-12-20 00:00:00,Y,SR1762122658,2022-06-01 15:24:00,2022-07-19 11:40:00,PLMS Review,47
SD47193912,Emp and Assistance,2009-08-12 00:00:00,2023-02-17 00:00:00,2016-12-20 00:00:00,Y,SR1850075414,2023-02-14 11:35:00,2023-02-17 14:30:00,PLMS Review,3
SD48043362,Emp and Assistance,1991-06-14 00:00:00,2023-05-12 00:00:00,2013-11-29 00:00:00,Y,SR1820737844,2022-12-08 10:11:00,2023-04-28 17:03:00,PLMS Review,141
SD47405175,Emp and Assistance,2009-10-08 00:00:00,2022-11-14 00:00:00,2013-04-30 00:00:00,Y,SR1807499507,2022-10-28 16:41:00,2022-12-13 03:30:00,Gen Enquiry,45
SD47778858,Emp and Assistance,1994-05-09 00:00:00,2023-04-14 00:00:00,2022-08-23 00:00:00,Y,SR1879786732,2023-05-10 14:21:00,2023-05-11 08:44:00,Gen Enquiry,0
SD48916436,Emp and Assistance,1992-02-07 00:00:00,2023-03-07 00:00:00,2014-06-30 00:00:00,Y,SR1781374152,2022-08-03 08:18:00,2023-03-07 15:00:00,PLMS Review,216
SD47446204,Emp and Assistance,1998-12-21 00:00:00,2021-06-30 00:00:00,2011-02-17 00:00:00,Y,SR1855293281,2023-03-06 16:21:00,2023-03-06 16:21:00,Gen Enquiry,0
SD48104134,Emp and Assistance,1996-08-15 00:00:00,2023-07-13 00:00:00,2018-06-28 00:00:00,Y,SR1818175218,2022-11-29 12:10:00,2022-11-29 12:12:00,Gen Enquiry,0
SD48018048,Emp and Assistance,1992-01-31 00:00:00,2023-08-09 00:00:00,2021-10-05 00:00:00,Y,SR1791735716,2022-09-08 11:36:00,2022-09-08 11:44:00,Gen Enquiry,0
SD47007806,Emp and Assistance,1993-02-12 00:00:00,2009-08-21 00:00:00,1994-01-26 00:00:00,Y,SR1875080430,2023-04-27 14:17:00,2023-04-27 14:18:00,Gen Enquiry,0
SD47007806,Emp and Assistance,1993-02-12 00:00:00,2009-08-21 00:00:00,1994-01-26 00:00:00,Y,SR1877099656,2023-05-03 08:07:00,2023-05-03 08:11:00,Gen Enquiry,0
SD48292387,Emp and Assistance,1995-08-10 00:00:00,2022-08-09 00:00:00,2013-05-24 00:00:00,Y,SR1747083922,2022-04-13 08:34:00,2022-08-09 10:14:00,PLMS Review,118
SD47305363,Emp and Assistance,1996-06-06 00:00:00,2022-09-09 00:00:00,2010-11-18 00:00:00,Y,SR1755271171,2022-05-11 07:45:00,2022-09-09 08:54:00,PLMS Review,121
SD47896482,Emp and Assistance,1994-12-22 00:00:00,2023-07-31 00:00:00,2019-07-30 00:00:00,Y,SR1800448286,2022-10-06 16:02:00,2022-10-31 07:47:00,PLMS Review,24
SD47050999,Emp and Assistance,1997-09-04 00:00:00,2021-03-17 00:00:00,2008-12-03 00:00:00,Y,SR1792350398,2022-09-12 11:29:00,2022-09-12 11:30:00,Gen Enquiry,0
SD48422129,Emp and Assistance,1992-02-25 00:00:00,2022-12-15 00:00:00,2021-03-02 00:00:00,Y,SR1782709301,2022-08-09 08:58:00,2022-08-09 09:00:00,Gen Enquiry,0
SD46950055,Emp and Assistance,1995-10-06 00:00:00,2023-04-25 00:00:00,2020-05-01 00:00:00,Y,SR1873196332,2023-04-20 13:13:00,2023-04-25 14:40:00,PLMS Review,5
SD540231852,Emp and Assistance,2015-06-09 00:00:00,2023-06-01 00:00:00,2020-07-28 00:00:00,Y,SR1802526951,2022-10-18 15:07:00,2022-10-19 11:17:00,PLMS Review,0
SD540231852,Emp and Assistance,2015-06-09 00:00:00,2023-06-01 00:00:00,2020-07-28 00:00:00,Y,SR1888169755,2023-05-31 09:53:00,2023-06-01 11:21:00,PLMS Review,1
SD540231852,Emp and Assistance,2015-06-09 00:00:00,2023-06-01 00:00:00,2020-07-28 00:00:00,Y,SR1769309142,2022-06-23 14:46:00,2022-06-30 15:29:00,PLMS Review,7
SD47870010,Emp and Assistance,2006-01-05 00:00:00,2023-01-04 00:00:00,2017-02-01 00:00:00,Y,SR1771525106,2022-07-06 09:13:00,2022-08-02 10:38:00,PLMS Review,27
SD48077479,Emp and Assistance,2003-03-25 00:00:00,2022-09-20 00:00:00,2018-01-04 00:00:00,Y,SR1403044492,2019-12-24 13:27:00,2022-06-29 16:31:00,PLMS Review,918
SD48837519,Emp and Assistance,1992-08-14 00:00:00,2023-05-11 00:00:00,2002-03-12 00:00:00,Y,SR1762689632,2022-06-03 13:20:00,2022-06-03 13:22:00,Gen Enquiry,0
SD47708927,Emp and Assistance,2004-10-04 00:00:00,2022-12-08 00:00:00,2021-05-20 00:00:00,Y,SR1805182737,2022-10-21 08:45:00,2022-10-21 09:31:00,Gen Enquiry,0
SD47708927,Emp and Assistance,2004-10-04 00:00:00,2022-12-08 00:00:00,2021-05-20 00:00:00,Y,SR1839669047,2023-02-01 10:27:00,2023-02-01 11:43:00,Gen Enquiry,0
SD48938121,Emp and Assistance,1991-05-27 00:00:00,2023-05-23 00:00:00,2011-02-04 00:00:00,Y,SR1816767268,2022-11-25 09:32:00,2023-01-19 13:57:00,PLMS Review,55
SD66858296,Emp and Assistance,2012-08-15 00:00:00,2021-02-17 00:00:00,2014-03-18 00:00:00,Y,SR1855296065,2023-03-06 10:04:00,2023-03-06 10:04:00,Gen Enquiry,0
SD47243370,Emp and Assistance,2010-11-22 00:00:00,2023-07-06 00:00:00,2017-06-08 00:00:00,Y,SR1764158236,2022-06-09 11:59:00,2023-07-07 03:30:00,Gen Enquiry,392
SD47243370,Emp and Assistance,2010-11-22 00:00:00,2023-07-06 00:00:00,2017-06-08 00:00:00,Y,SR1877460679,2023-05-04 08:24:00,2023-07-06 10:21:00,PLMS Review,63
SD47243370,Emp and Assistance,2010-11-22 00:00:00,2023-07-06 00:00:00,2017-06-08 00:00:00,Y,SR1875763092,2023-04-29 11:31:00,2023-04-29 11:35:00,Gen Enquiry,0
SD46977279,Emp and Assistance,1995-05-31 00:00:00,2021-04-22 00:00:00,2004-11-22 00:00:00,Y,SR1784436094,2022-08-17 09:00:00,2022-08-17 09:01:00,Gen Enquiry,0
SD47665838,Emp and Assistance,1994-04-25 00:00:00,2023-07-06 00:00:00,2018-08-16 00:00:00,Y,SR1874747140,2023-04-26 07:30:00,2023-05-19 14:08:00,PLMS Review,23
SD48177255,Emp and Assistance,1995-02-17 00:00:00,2023-05-04 00:00:00,2009-04-15 00:00:00,Y,SR1790612507,2022-09-02 07:53:00,2022-10-27 09:53:00,PLMS Review,55
SD48953772,Emp and Assistance,1994-01-14 00:00:00,2023-01-09 00:00:00,2011-01-10 00:00:00,Y,SR1758903656,2022-05-20 10:14:00,2023-01-03 11:00:00,Gen Enquiry,228
SD47301025,Emp and Assistance,1996-06-03 00:00:00,2023-03-20 00:00:00,2019-03-19 00:00:00,Y,SR1849297173,2023-02-10 07:01:00,2023-03-20 17:12:00,PLMS Review,38
SD48007308,Emp and Assistance,1991-04-12 00:00:00,2021-02-10 00:00:00,2013-12-09 00:00:00,Y,SR1813012242,2022-11-17 16:27:00,2022-11-17 16:27:00,Gen Enquiry,0
SD48249365,Emp and Assistance,1992-09-17 00:00:00,2021-02-11 00:00:00,1998-11-10 00:00:00,Y,SR1849900339,2023-02-13 10:04:00,2023-02-13 10:05:00,Gen Enquiry,0
SD46968890,Emp and Assistance,1998-09-21 00:00:00,2023-03-24 00:00:00,2019-06-11 00:00:00,Y,SR1821013752,2022-12-09 12:45:00,2023-01-06 12:39:00,PLMS Review,27
SD46968890,Emp and Assistance,1998-09-21 00:00:00,2023-03-24 00:00:00,2019-06-11 00:00:00,Y,SR1784029487,2022-08-16 07:54:00,2022-08-18 15:40:00,PLMS Review,2
SD46968890,Emp and Assistance,1998-09-21 00:00:00,2023-03-24 00:00:00,2019-06-11 00:00:00,Y,SR1863237539,2023-03-24 13:07:00,2023-03-24 15:34:00,PLMS Review,0
SD47036314,Emp and Assistance,2010-10-01 00:00:00,2022-08-25 00:00:00,2017-03-01 00:00:00,Y,SR1751361048,2022-04-25 07:35:00,2022-08-25 14:29:00,PLMS Review,122
SD47030387,Emp and Assistance,1991-09-07 00:00:00,2023-01-16 00:00:00,2002-01-10 00:00:00,Y,SR1780997613,2022-08-02 13:50:00,2022-08-02 13:52:00,Gen Enquiry,0
SD48598688,Emp and Assistance,2009-01-13 00:00:00,2022-12-16 00:00:00,2018-05-25 00:00:00,Y,SR1861935123,2023-03-17 11:08:00,2023-03-17 11:09:00,Gen Enquiry,0
SD47418247,Emp and Assistance,1997-05-21 00:00:00,2021-07-20 00:00:00,2018-05-30 00:00:00,Y,SR1866641698,2023-04-06 15:51:00,2023-04-06 15:51:00,Gen Enquiry,0
SD47068240,Emp and Assistance,2007-04-12 00:00:00,2023-06-14 00:00:00,2018-02-13 00:00:00,Y,SR1766223720,2022-06-16 11:26:00,2023-02-25 12:52:00,Gen Enquiry,254
SD47514470,Emp and Assistance,2003-09-23 00:00:00,2023-04-04 00:00:00,2020-07-27 00:00:00,Y,SR1832310255,2023-01-12 13:04:00,2023-01-19 15:56:00,PLMS Review,7
SD47514470,Emp and Assistance,2003-09-23 00:00:00,2023-04-04 00:00:00,2020-07-27 00:00:00,Y,SR1865608720,2023-04-03 15:40:00,2023-04-04 15:18:00,PLMS Review,0
SD48312724,Emp and Assistance,1992-03-25 00:00:00,2022-01-04 00:00:00,2006-08-03 00:00:00,Y,SR1829830425,2023-01-05 09:30:00,2023-01-05 09:31:00,Gen Enquiry,0